"","fip","cnty","lmi_burdenx100","pcnt_hisp_ucb","pcnt_blk_ucb","pcnt_rural_chr","pcnt_sr_ucb","pcnt_college_chr","pcnt_unemp_bls","pcnt_pov_usda","pcnt_income_saipe","pcnt_own_ucb","pcnt_lw_access_usda","pcnt_obese_usda","pcnt_food_insec_chr","pcnt_uninsured_chr","house_str_age"
"1",48001,"Anderson",8,17.3,20.9,67.1,14.0855802,40,4,21,71.6479432384492,70.9120541,39.53477954,31.6,19,21,49
"2",48003,"Andrews",4,55.4,1.5,16.5,10.17238437,40,3.2,10.4,107.18979643551,73.545169,33.9238162,28.1,9,22,50
"3",48005,"Angelina",11,21.5,14.7,43.1,15.2622577,55,5.3,17.9,76.5571416504772,66.0308428,24.1178868,37.5,20,24,42
"4",48007,"Aransas",8,27,1.6,27.3,25.88192655,47,5.4,18.2,79.3479178984712,73.8692413,38.28271646,26.9,16,24,40
"5",48009,"Archer",8,8.3,0.8,89,18.7308086,65,3.7,9.5,98.5066306275868,82.1247389,23.7207022,27.1,15,20,38
"6",48011,"Armstrong",5,10,1.2,100,20.78797304,76,2.5,10.4,93.48255764845,81.0541311,99.7479208,27.2,14,17,55
"7",48013,"Atascosa",9,63.5,0.7,60.7,13.90971977,43,4.3,20.4,82.1623447926345,74.3890644,20.93053735,27.9,9,23,44
"8",48015,"Austin",7,25.9,8.9,66.3,18.02881333,60,4.6,12.7,103.236759861475,74.176572,11.4581878,27,16,22,35
"9",48017,"Bailey",9,62.7,1.5,28.8,14.27162581,44,4.8,15.8,71.027958442436,72.1524664,9.321722082,26.7,10,34,32
"10",48019,"Bandera",8,18,1,100,25.48789642,58,3.7,13.3,93.8896866289383,84.6460498,34.94486782,27.1,15,20,35
"11",48021,"Bastrop",6,36,7.7,63.9,13.84080891,48,3.9,12.7,106.414393107526,76.5366135,28.8748736,33.1,13,25,24
"12",48023,"Baylor",15,10.1,3.2,100,23.90338701,59,3.6,17.4,62.5272404763916,77.43309,12.22885724,28.1,17,19,51
"13",48025,"Bee",11,58.2,8.2,43,11.74188029,35,6.4,23.4,69.9248247318186,63.0055093,33.82001724,29.3,14,23,33
"14",48027,"Bell",7,24,21,15.2,10.02656713,68,4.4,15.9,88.1223076273334,54.784058,33.23949329,29,19,17,52
"15",48029,"Bexar",6,59.8,7,4.5,11.40563128,63,3.8,15.6,91.4992820339556,58.7392039,26.33594441,27.3,11,20,55
"16",48031,"Blanco",4,19.1,0,100,23.67210749,59,2.7,10.9,104.932849058197,76.5957447,4.620966755,28.7,13,23,39
"17",48033,"Borden",4,7.6,0,100,23.58803987,80,3.7,10.2,99.7364642283977,73.7903226,100,27.3,14,15,58
"18",48035,"Bosque",8,17.6,1.4,81.2,24.08242829,51,4.2,15,83.0120787228651,77.3445282,9.677036987,27.8,16,26,41
"19",48037,"Bowie",11,7.4,23.9,35.4,15.81993913,53,4.8,18.6,83.0357293690345,65.0658708,21.72945567,32.4,23,19,37
"20",48039,"Brazoria",3,29.7,12.9,22.5,11.08570933,67,5.6,10.6,136.565588309823,71.9253895,22.23975651,31.2,15,18,40
"21",48041,"Brazos",10,25.1,10.2,12.1,8.453491792,69,3.6,24,77.8494805304502,45.4917398,26.97364072,28.4,21,19,39
"22",48043,"Brewster",7,44.2,0.1,34.9,20.20607375,68,3.6,14.8,75.372920010136,54.8067141,28.61941162,27.7,12,20,44
"23",48045,"Briscoe",11,32.2,1.7,100,23.13010685,51,4.6,16.6,72.0973055156686,75.9036145,100.0000001,26.4,14,34,59
"24",48047,"Brooks",15,94.1,0.1,31.8,14.7979589,39,9,31.7,47.48036151702,61.4737883,16.32714688,27.2,13,24,58
"25",48049,"Brown",10,21.5,3.6,40.4,19.18649271,52,4.2,18.2,70.1714671847284,72.5551138,36.29952363,25.2,17,20,52
"26",48051,"Burleson",11,20.1,12.3,76.7,20.10115935,38,4.5,15.5,80.08953458907,78.0807312,12.89109994,29.8,16,22,33
"27",48053,"Burnet",6,21.9,1.5,55.7,21.4718884,54,3.2,13.2,99.6857842723203,76.2163796,33.17660557,30,15,23,42
"28",48055,"Caldwell",5,50.7,6.1,42.3,13.22513812,42,4.2,17.8,87.6678773545063,67.2560881,15.17491192,26.4,13,25,47
"29",48057,"Calhoun",9,48.1,2.6,44.7,16.5391137,50,5.7,16.8,93.3186924571332,70.5806285,36.16301453,29.1,13,22,48
"30",48059,"Callahan",21,9.1,1.5,72.2,19.4875549,55,3.8,13,77.4440408818312,82.2528823,29.54794335,28.4,18,22,42
"31",48061,"Cameron",13,89.3,0.4,8.4,12.52495829,47,7.5,32,61.870090379255,67.1653518,24.6209433,33.2,10,39,43
"32",48063,"Camp",8,23.9,16.9,61.5,17.79005525,54,6,18.8,70.8370639412112,70.7188161,10.05581898,31.8,20,25,50
"33",48065,"Carson",4,9.7,0.6,95.2,17.35454998,71,3.4,8.5,102.488385843399,84.991274,19.99226569,28.4,13,17,30
"34",48067,"Cass",13,4.3,17,74,21.04389402,42,5.9,20,67.7489652842301,77.8596224,6.955439079,31.3,23,18,46
"35",48069,"Castro",7,63.9,0.7,45.8,14.4721835,43,3.5,18.8,70.5228482135315,64.3379366,11.9115559,28.1,8,34,21
"36",48071,"Chambers",7,21.4,8,45.7,10.67382837,65,6.7,9.6,136.866289382549,82.7552553,19.20946919,28.6,15,18,34
"37",48073,"Cherokee",14,22.5,13.6,63,16.77908284,46,4.7,19,79.6469296393276,73.6483086,16.28445135,30.1,19,27,58
"38",48075,"Childress",8,21.7,7.2,33.1,15.17553794,49,3,22.3,69.1359067488808,54.9517967,44.15210837,27,19,20,55
"39",48077,"Clay",11,5.7,0.5,74.6,21.35210724,57,3.6,12.3,90.2745164287524,85.3532875,51.41216758,29.4,17,20,33
"40",48079,"Cochran",13,57,2.6,100,14.93860846,41,4.1,22.5,68.9179829377481,76.1,21.17568413,26.9,11,35,42
"41",48081,"Coke",6,21.1,0.6,100,26.68313774,68,3.6,13.5,71.4823887152631,71.2198221,99.97629203,28.1,16,20,51
"42",48083,"Coleman",12,17.4,2.7,51.5,22.22749941,52,4.6,20,60.1334572176704,71.0951009,19.62615995,28.1,18,24,39
"43",48085,"Collin",5,15.1,9.2,5.2,10.06996144,80,3.7,6.6,161.152124334826,65.622945,12.68382487,24.6,15,13,42
"44",48087,"Collingsworth",8,31.3,3.5,100,18.40713814,38,3.8,19,67.2506123828026,80.3457689,7.358328039,28,14,35,30
"45",48089,"Colorado",12,28.9,13,62.6,19.96365897,54,3.9,14.5,82.9461947799645,82.072866,20.68035441,28.5,15,22,34
"46",48091,"Comal",6,26.8,2,46.1,17.51742835,68,3.5,8.3,122.581299096207,75.3497132,21.33193443,26.7,12,16,26
"47",48093,"Comanche",14,27.3,0.7,71.5,23.81411207,52,3.7,16.8,77.9812484162514,78.3630311,15.33889724,28.3,16,29,43
"48",48095,"Concho",5,53,0.7,100,17.28875065,25,5.8,26.4,72.1733254497846,71.3021492,26.72534093,27.5,8,21,41
"49",48097,"Cooke",7,17.3,2.5,59,17.86555396,57,3.8,13.2,96.9372413210575,68.8574251,7.297667843,29.2,16,23,54
"50",48099,"Coryell",5,17.8,13.7,19.4,9.157456013,63,4.4,16,86.9769406199848,57.5990011,43.59208806,30.3,19,17,18
"51",48101,"Cottle",7,32.7,10.2,100,25.63417891,54,4.2,21.4,61.1555029985641,65.3614458,99.94135214,27.4,20,30,39
"52",48103,"Crane",6,62.8,4.2,10.7,11.41439206,49,5,9.6,95.2039868232114,78.296146,8.890448007,29.3,9,23,47
"53",48105,"Crockett",8,66.1,0.9,22.7,14.15537018,33,4.1,12.9,76.0047301292339,72.7852587,7.641090395,27.9,11,24,53
"54",48107,"Crosby",8,55.4,3.7,100,17.21798134,41,4.9,22.8,62.4072979136751,68.5562016,4.805601238,27.8,12,27,38
"55",48109,"Culberson",12,80.7,0.4,100,19.67213115,37,3.7,23.9,63.8989779542191,66.6666667,7.762441134,27.6,8,30,59
"56",48111,"Dallam",9,43.8,1.7,23.5,10.75343416,37,2.3,12,80.8142579609764,59.6217105,40.09040167,31.5,13,31,53
"57",48113,"Dallas",5,39.6,22.1,0.7,10.00637486,57,4.1,17.9,95.8391756060478,50.459236,16.62322476,27.6,18,26,25
"58",48115,"Dawson",13,56.4,5.7,16.3,14.4482627,41,5.4,21.9,71.1664836557142,71.0993316,29.54572938,29.9,11,27,32
"59",48117,"Deaf Smith",8,71.6,0.8,17.7,11.97551063,48,3.3,19.4,72.1310921530535,65.0212488,18.63656526,29.4,7,30,44
"60",48119,"Delta",10,6.9,7.9,100,19.87625677,54,3.4,18.5,70.3505363628685,77.1990172,7.210911711,28,20,21,45
"61",48121,"Denton",4,19.1,9.1,6.9,9.162815283,76,3.5,8,146.063012078723,64.5149802,18.57490421,22.1,15,14,40
"62",48123,"DeWitt",9,34.5,9,49.6,18.85317964,44,4.4,19.2,80.508488892643,75.2754821,15.35426515,30.6,15,20,31
"63",48125,"Dickens",17,27.6,3.1,100,22.57194245,48,4.7,22.2,65.3805220035476,71.5144231,19.84283624,26.6,16,27,37
"64",48127,"Dimmit",12,86.5,0.1,39.5,14.72001478,42,5.8,24.4,60.302390404595,70.4257768,38.98802259,29.9,8,24,36
"65",48129,"Donley",7,10.6,3.7,100,23.39062045,60,4.2,20.2,70.7272573697103,74.3902439,15.60278768,27.6,18,25,47
"66",48131,"Duval",10,89.3,1.4,67,18.01644219,42,7.8,25.4,56.5841709603852,67.2041612,34.4872333,27.8,10,24,58
"67",48133,"Eastland",13,16,2.2,60.3,21.85140606,40,4.7,18.1,66.9313286595152,74.8329967,21.69785995,28.2,18,24,54
"68",48135,"Ector",5,58.7,4.1,9.5,9.498279227,49,4.2,12.6,91.9368189880902,66.0398252,20.50491819,31.6,10,25,41
"69",48137,"Edwards",22,56.9,0,100,28.46991947,54,3.2,22.2,59.4036658501563,86.9085174,31.8685539,27.1,7,28,42
"70",48139,"Ellis",5,25.5,8.9,32,12.03958755,60,4.9,10.9,120.807500633499,73.0525354,23.72952732,29.8,14,20,42
"71",48141,"El Paso",7,82.2,3,2.2,11.3876561,64,3.7,20.3,74.5333220711209,61.5911854,17.92631954,28.4,9,27,37
"72",48143,"Erath",14,20.6,1.6,46.3,13.81412132,64,3.8,17.7,81.4764760537207,63.6652925,36.14864981,28.2,19,25,36
"73",48145,"Falls",14,22.8,24.3,67.4,16.97611198,41,4.5,23.9,60.7956753104147,72.7289547,13.84074552,29.8,21,23,48
"74",48147,"Fannin",12,10.6,6.5,70.5,18.82084826,52,3.5,16.4,85.4768139200946,74.6403925,33.00633204,28.4,18,25,41
"75",48149,"Fayette",9,20.4,6,67.1,23.72711613,46,3.1,12,95.1431708759186,81.2217681,22.56271642,27.1,14,22,18
"76",48151,"Fisher",8,29.8,2.9,100,23.48387097,66,3.6,15.2,79.8918827603683,72.3466981,17.0230805,26.7,15,20,45
"77",48153,"Floyd",13,57.8,2.5,53.3,18.49487653,52,5.6,21.8,69.9214460680801,72.7155172,6.404572216,26.8,12,28,37
"78",48155,"Foard",5,21.6,2.2,100,26.59123055,63,3.2,17.8,59.1384407466847,80.2491103,100.0000004,26.3,13,27,41
"79",48157,"Fort Bend",5,24.2,20.2,5.5,9.705786025,77,4.8,7,154.845848466931,78.0520935,25.41268567,23.9,15,15,34
"80",48159,"Franklin",9,13.9,4.5,69.1,19.9924805,55,4.7,16.4,74.9353830560013,74.5103027,7.014344136,26.9,18,20,48
"81",48161,"Freestone",7,14.7,16.1,66.5,18.95551257,49,6.6,15.8,80.4392262860039,74.7925885,14.90116737,28.5,20,24,49
"82",48163,"Frio",11,78.5,3.6,22.2,12.32339089,35,4.2,29.3,63.946279246558,70.0662252,9.767570183,27.5,8,25,47
"83",48165,"Gaines",8,40.6,2.3,63,8.612801046,34,3.2,13.3,88.078384998733,76.3470959,3.213600462,30.6,10,37,24
"84",48167,"Galveston",6,23.9,12.5,6.1,13.15632161,65,5.4,14,117.702508657826,66.3002852,31.22586545,27.6,17,19,57
"85",48169,"Garza",6,54,4.5,22.3,11.29247663,27,3.5,26.8,78.70090379255,65.0145773,6.013705693,27.5,10,27,32
"86",48171,"Gillespie",5,22.5,0.1,53.7,28.6595474,55,2.6,10.4,98.6772531463806,76.2760537,19.20938413,26.8,13,26,43
"87",48173,"Glasscock",5,40.6,0,100,13.94366197,49,2.9,7.8,131.916547005659,71.7894737,98.21762002,26.8,10,22,31
"88",48175,"Goliad",7,35.6,5.3,100,20.99866844,61,4.8,14.1,88.5260579440831,81.8874773,36.80334236,29.2,14,16,37
"89",48177,"Gonzales",11,50.1,6.7,65.3,15.94999514,38,3.6,16.4,76.1077793732579,68.7090339,25.55467983,29.5,12,31,56
"90",48179,"Gray",5,27.9,4.3,19.4,15.75211219,46,5.4,13,78.721175774981,75.2101367,20.04673813,28.4,16,27,37
"91",48181,"Grayson",8,12.7,5.5,43.2,17.21259493,59,3.7,15.2,91.9520229749134,67.0094637,19.506941,28.9,18,23,59
"92",48183,"Gregg",6,18.2,20.1,13.4,14.46005737,56,5.4,17,79.7499788833516,58.8490628,22.22965217,35.3,21,24,60
"93",48185,"Grimes",13,23.6,15.6,68.9,15.9953213,43,5.6,17.8,81.1267843567869,77.7616927,40.03574604,29.1,19,25,46
"94",48187,"Guadalupe",6,37.3,7.1,26.2,13.06258243,61,3.5,10.3,112.992651406369,75.4356607,34.12163723,30.9,12,18,51
"95",48189,"Hale",11,58.8,4.4,23.1,12.94059721,46,6.1,20.3,73.6041895430357,60.3904787,20.86400896,30.6,13,29,47
"96",48191,"Hall",11,34.2,7.4,100,22.66279819,47,6,25.5,55.7141650477236,62.6205788,24.45472034,29.1,21,36,41
"97",48193,"Hamilton",9,12,0.7,64.4,25.35279805,55,4.2,15.4,74.7191485767379,75.6731074,25.05699264,30,17,26,34
"98",48195,"Hansford",7,46.4,0.1,40.3,15.50976139,44,2.5,11.7,94.1988343610102,72.972973,88.77828265,28.1,12,30,56
"99",48197,"Hardeman",11,21.3,6.9,100,20.02506266,44,3.8,18,65.9211082017062,75.0163079,29.75016711,28.5,16,28,27
"100",48199,"Hardin",11,5.4,5.6,51.5,15.76089868,60,6.1,11.8,99.3817045358561,80.79946,29.06505221,32.1,18,18,34
"101",48201,"Harris",5,42.2,18.5,1.2,9.561975102,59,5.2,16.6,99.1029647774305,54.7492886,18.08857249,27.2,17,25,57
"102",48203,"Harrison",9,12.7,21.3,56.1,15.60820347,52,5.4,18.5,85.4531632739252,74.1685571,13.69591267,33.3,21,21,49
"103",48205,"Hartley",4,26.2,8.4,57.3,13.91513486,34,2.1,9.9,116.563898977954,60.8323831,23.92075052,27.3,13,23,42
"104",48207,"Haskell",11,27.6,3.1,47.6,21.16775749,37,5.1,22.3,59.2533153137934,77.7725564,25.27257771,27.3,16,26,36
"105",48209,"Hays",5,37.8,3.5,31.7,10.182044,69,3.4,13.6,112.382802601571,62.0795062,16.50689872,23.8,13,18,40
"106",48211,"Hemphill",6,35.2,0.7,27,12.40366089,52,2.8,8.6,108.688233803531,68.4094256,10.59745629,26.8,12,23,64
"107",48213,"Henderson",13,12.1,6.6,60.1,21.26821188,49,4.4,16.2,75.1752681814342,75.4062839,27.26426654,30.2,19,25,43
"108",48215,"Hidalgo",12,91.8,0.4,5.1,10.43036714,47,7.9,31.1,62.468113860968,67.498269,34.73428347,34.4,10,41,43
"109",48217,"Hill",11,20,6.3,76.3,20.22052539,49,4.2,17.8,79.6722696173663,73.7730787,5.675756885,28.7,18,27,42
"110",48219,"Hockley",8,46.9,3.6,39.8,13.50491986,54,4.1,15.9,81.8464397330856,68.6050837,45.78007837,30.7,12,24,55
"111",48221,"Hood",6,12,0.7,32.8,24.01746725,56,4.4,9.8,109.277810625897,76.0579737,32.81717361,26.5,16,20,62
"112",48223,"Hopkins",11,16.3,6.7,59.6,17.5930307,52,3.8,15.9,75.8932342258637,69.3083465,16.77241145,30.5,18,25,34
"113",48225,"Houston",12,10.7,24.9,73.5,20.88494026,44,4.2,27,63.726666103556,68.6959654,39.36044797,28.3,23,23,57
"114",48227,"Howard",9,41.2,5.2,20.1,12.52911677,46,4.5,19.1,79.2279753357547,68.0565627,49.18210625,31.1,14,20,28
"115",48229,"Hudspeth",15,78.4,1.5,100,16.28849271,19,6.4,25,67.0377565672776,74.7191011,99.62373465,26.3,12,37,48
"116",48231,"Hunt",7,15.3,7.8,56.6,15.60970749,55,4.2,16.5,90.2457977869752,69.683144,10.54772537,27,19,23,40
"117",48233,"Hutchinson",7,22.5,2,22.6,15.32436417,59,6.7,14.2,90.3201283892221,79.5230158,29.18928393,31.1,16,23,50
"118",48235,"Irion",7,22.9,3.2,100,17.65075377,73,2.9,7.9,107.824985218346,79.3209877,99.97419983,27.9,13,15,46
"119",48237,"Jack",8,16.3,4.5,53.2,16.03122525,40,3.9,17.1,80.790607314807,82.0813008,47.48063175,26.9,17,24,56
"120",48239,"Jackson",9,32.3,7.1,61.8,16.58986175,56,4.4,13.6,83.3685277472759,69.7629969,21.31684226,32.2,14,22,42
"121",48241,"Jasper",11,6.5,16.7,78.2,18.44599932,41,7.5,15.7,73.2629445054481,75.1377986,17.88369478,29.1,22,19,40
"122",48243,"Jeff Davis",6,36.2,0.7,100,31.21645796,35,3.1,13.3,65.1017822451221,80.3376365,29.42925018,26.2,10,30,52
"123",48245,"Jefferson",10,19.5,33.7,8.4,13.6852153,53,7.1,16.9,80.8379086071459,61.8815146,23.14283633,33.2,24,24,43
"124",48247,"Jim Hogg",13,93.8,0,17.4,18.60509312,50,7.4,23.2,54.5975166821522,75.9294266,26.71617128,27.3,7,26,42
"125",48249,"Jim Wells",15,80.2,0.5,40.1,14.2988528,44,7.6,22.1,68.7237097727849,69.3918026,18.66295363,28.5,10,24,31
"126",48251,"Johnson",5,20.3,2.8,37.9,13.47979997,53,4,11.4,104.422670833685,73.8835704,22.19841179,30.2,15,21,51
"127",48253,"Jones",10,27.2,14.5,85.1,14.65771947,34,5.5,21.4,74.5535940535518,73.8598048,21.4049251,27.4,17,23,42
"128",48255,"Karnes",11,52.9,8.7,38.4,14.28476513,37,3.6,20,82.2839766872202,74.3667209,24.49599184,29.2,14,18,45
"129",48257,"Kaufman",8,19.9,10.4,48.8,11.76644725,58,3.8,13.1,111.397922121801,77.1389459,8.384683679,27.2,16,22,28
"130",48259,"Kendall",4,23,0.7,58.2,18.55555004,71,3.3,8,151.426640763578,72.858082,12.91574586,27.3,12,16,41
"131",48261,"Kenedy",9,88.5,0,100,14.71631206,18,2.8,16.5,64.2469803192837,28.2894737,97.16565876,26.4,13,25,31
"132",48263,"Kent",9,21.6,0.7,100,27.94117647,81,2.4,11.3,76.5774136329082,73.4545455,97.19525905,26.4,15,22,47
"133",48265,"Kerr",6,26.1,1.4,41.1,26.67402139,54,3.5,14.3,84.0408818312357,71.234208,29.91456265,26.7,15,24,45
"134",48267,"Kimble",9,23.7,0,44.3,30.05415162,50,3.7,20,69.3994425204831,75.1159196,25.02396684,28.4,16,26,33
"135",48269,"King",6,26.6,0,100,7.266435986,46,4,11,95.187093504519,19.8019802,99.99999961,27.5,16,24,42
"136",48271,"Kinney",10,61.8,0.1,20.5,17.59845773,46,5,20.6,72.0500042233297,77.3333333,4.304453596,26.7,10,24,62
"137",48273,"Kleberg",15,72.3,3.5,18.9,12.73937857,63,6.5,24.3,69.6967649294704,53.0023727,30.52671811,28,12,26,40
"138",48275,"Knox",12,33.4,6,100,18.38529177,55,4.4,19.2,63.7705887321564,80.6686047,47.13617241,26.6,14,27,53
"139",48277,"Lamar",13,7.5,12.3,47.1,18.40448574,53,3.5,18.8,79.7567362108286,64.3070474,29.35392279,32.7,22,23,51
"140",48279,"Lamb",9,55,3.6,57.7,15.96349491,50,4.2,21.8,69.4298504941296,70.960334,3.563505174,31,13,30,25
"141",48281,"Lampasas",9,19.2,3,68.3,17.73555414,59,5.6,13.9,94.1954556972717,74.3159525,20.4022948,28.2,16,22,54
"142",48283,"La Salle",12,79.9,1.2,46.4,15.6511189,28,3.7,27.9,70.1376805473435,70.2974628,57.8089977,26.6,5,21,39
"143",48285,"Lavaca",7,18.1,6.6,81.3,22.47343774,53,3.6,12.2,86.4785877185573,75.4945341,14.26071881,32,15,19,49
"144",48287,"Lee",8,23.2,11,69.7,17.29376855,49,3.3,12.4,91.5009713658248,77.4599542,6.343720376,28.1,16,21,65
"145",48289,"Leon",8,14.2,7.2,100,23.45278793,42,6.5,13.8,72.9605541008531,78.4147318,13.08960446,29.5,18,26,28
"146",48291,"Liberty",7,21.9,10,63.2,12.79355065,38,7.3,15.8,85.1761128473689,74.8440748,22.32622048,27.6,19,25,40
"147",48293,"Limestone",10,21.3,17.6,53.6,17.78109029,47,5.7,19.1,69.9957766703269,75.4197531,19.05250491,33.9,20,25,51
"148",48295,"Lipscomb",5,29.9,0.4,100,14.90701001,49,3.2,9.7,91.3776501393699,73.2758621,99.9995537,27.2,13,26,37
"149",48297,"Live Oak",7,38.8,2.4,100,19.82894628,43,4.7,15.8,85.1930061660613,82.5153374,10.24399708,27.6,13,22,41
"150",48299,"Llano",6,9.8,0.7,45.2,35.46422382,46,3.6,14.8,86.2876932173325,76.5695196,31.04130138,27,17,21,50
"151",48301,"Loving",16,16.2,0,100,24.32432432,58,4.1,14.3,110.149505870428,51.6129032,99.9999994,29,19,21,33
"152",48303,"Lubbock",8,34.5,6.9,11.3,11.81880406,65,3.7,20.1,80.1756905144016,55.9455906,15.71388003,27.7,16,18,50
"153",48305,"Lynn",12,47.2,1.3,56.7,16.80207433,53,4.2,20.5,75.2884534166737,68.7005123,33.86923005,28.4,12,25,37
"154",48307,"McCulloch",9,31.6,2,35.3,21.31368938,48,5.2,18.6,67.8384998733001,76.296532,32.68550247,28.5,15,25,40
"155",48309,"McLennan",9,25.6,14.2,23.4,13.63462478,59,5.9,19.9,79.9155334065377,57.9766008,39.06464484,28.6,19,21,34
"156",48311,"McMullen",14,50.5,0,100,26.5,44,3.4,10,115.099248247318,73.7113402,98.00022159,32.2,8,17,41
"157",48313,"Madison",8,22.4,17.4,67.4,15.02968739,34,3.4,19.2,71.0499197567362,73.5265932,27.8946327,28.8,19,26,46
"158",48315,"Marion",14,3.9,23.7,100,24.52662722,50,7.3,23.4,62.3971619224597,79.1563832,7.825022827,31.3,24,20,51
"159",48317,"Martin",9,45.1,0.6,100,12.13268433,45,9.7,11.4,101.202804290903,77.1253823,21.42398762,27.1,9,24,36
"160",48319,"Mason",8,24.3,0,100,25.90975255,48,3.9,13.8,79.7584255426979,73.0579531,21.18437306,26.2,14,28,43
"161",48321,"Matagorda",14,41.4,10.2,36.4,15.69235794,44,4.5,20.5,79.0624208125686,67.7648251,37.78796161,31.9,17,24,42
"162",48323,"Maverick",14,95.3,0.2,9.3,11.18129143,51,2,23.9,56.6044429428161,68.0433723,32.24903264,29.4,9,36,33
"163",48325,"Medina",7,51.3,2.3,61.6,15.86471121,56,4,14.8,94.8948390911394,82.1433285,23.72044456,32.2,9,20,39
"164",48327,"Menard",8,37.3,0.6,100,27.22562412,36,6,20.8,57.4930315060394,66.7012448,20.18120536,27.3,13,29,38
"165",48329,"Midland",3,43.2,5.9,12.3,10.24874439,60,3.1,8.9,128.907846946533,66.7635571,27.42115688,30.9,11,20,45
"166",48331,"Milam",10,25.8,8.4,56.2,19.57596307,51,5.2,16.9,75.7749809950165,68.2844124,21.88516666,29.7,17,23,41
"167",48333,"Mills",10,18.3,0.2,100,27.50153468,61,3.7,16.6,71.7340991637807,84.7244954,24.67764631,26.1,15,27,33
"168",48335,"Mitchell",6,39.3,10.3,36.7,14.41759745,34,5.6,19.7,70.127544556128,75.9757484,29.78648983,26.6,13,24,45
"169",48337,"Montague",9,10.7,0.2,58.9,22.09625889,51,4.1,15.2,80.3953036574035,71.9045251,16.53229635,25.9,18,25,42
"170",48339,"Montgomery",6,23,4.5,22.7,12.32522464,65,4.5,10.1,130.330264380438,71.2197837,20.68463575,24.5,15,20,43
"171",48341,"Moore",10,54.1,3.2,16.8,9.815588663,44,3.2,14.4,86.9059886814765,63.8513011,28.76251995,29.9,11,32,48
"172",48343,"Morris",15,9.2,23.6,78.4,20.84596967,50,8.5,19.5,66.9431539825999,74.2834395,1.672160991,30,25,24,62
"173",48345,"Motley",10,16.3,3.5,100,28.81508079,65,3.5,17,62.1370048145958,71.641791,18.45374934,26.8,17,28,28
"174",48347,"Nacogdoches",14,18.9,17.2,46.5,13.19044197,57,4.7,24.5,71.5719233043331,55.8572928,29.12957958,32.2,22,26,29
"175",48349,"Navarro",11,26.2,13.1,52.7,16.42239682,50,4.3,19.6,70.8573359236422,68.6194159,24.73854787,28.4,18,27,52
"176",48351,"Newton",9,3.5,21.3,100,19.06675125,49,8.4,21.2,70.5059548948391,82.7651119,26.55629824,28,23,20,42
"177",48353,"Nolan",10,36.4,4.9,32.7,17.54503002,46,4.4,20,72.0702762057606,69.2543228,23.82197926,29,15,21,45
"178",48355,"Nueces",7,63,3.6,6.4,13.34815501,57,5.4,19.9,87.693217332545,57.7888667,32.58506206,33.6,11,23,68
"179",48357,"Ochiltree",7,53,0.2,13.9,10.05341473,47,3.7,8.8,99.6063856744657,72.1893491,9.530323213,28.7,10,31,46
"180",48359,"Oldham",8,15.5,5.6,100,13.77820451,64,2.6,13.4,93.675141481544,73.83821,100.0000003,29.3,16,17,35
"181",48361,"Orange",10,7.1,8.3,35.2,14.97574754,58,6.6,16.1,96.7260748374018,75.3253594,25.40711441,29.5,20,17,45
"182",48363,"Palo Pinto",13,19.7,2.4,50.2,18.71286776,44,4.1,18.6,77.4879635104316,70.2135811,37.81762715,29.4,18,26,54
"183",48365,"Panola",9,8.6,16.3,72.7,17.27326716,59,5.9,15.1,82.7282709688318,77.4468556,22.14541661,30.7,21,20,41
"184",48367,"Parker",5,11.5,1.3,56.1,14.82498829,65,3.6,9.4,125.138947546245,77.5158163,17.56199592,29,15,18,44
"185",48369,"Parmer",8,62.4,1.6,60,13.10910749,37,2.7,14.5,81.4072134470817,68.9323402,48.33651969,29.4,8,30,40
"186",48371,"Pecos",6,68.5,4.1,39.8,12.52214629,34,4.9,18.1,74.9252470647859,69.5701357,19.16877314,28.6,7,26,32
"187",48373,"Polk",12,14.8,10.4,77.6,18.76995785,42,6.1,17.2,75.3374440408818,76.6957804,20.17510249,29.4,19,26,51
"188",48375,"Potter",6,37.6,9.3,9,11.62253568,47,3.5,22.4,73.9555705718388,57.3171012,20.94449837,31,17,29,45
"189",48377,"Presidio",10,81.4,0,40.5,21.87456543,48,9.8,22.4,50.2762057606217,59.5983005,69.45389749,26.1,11,37,60
"190",48379,"Rains",9,8.7,1.5,93.2,23.49279744,48,3.6,14.4,73.3220711208717,77.2213247,NA,29.7,16,24,39
"191",48381,"Randall",5,20.2,2.8,14.4,13.88642074,73,3.1,8.5,106.557986316412,69.8379413,12.25916336,26.6,14,15,56
"192",48383,"Reagan",7,70.1,0.7,13.3,11.05756359,43,3.9,8.8,98.2650561702847,70.2818104,6.366387954,27.7,10,26,33
"193",48385,"Real",9,19.8,0.2,100,34.09767719,52,5.5,19.4,61.0625897457556,76.7586821,99.99999958,27.6,17,28,46
"194",48387,"Red River",14,7.3,17.6,75.7,23.2656035,50,5.3,20.2,60.212855815525,75.8144883,46.38197293,30.7,21,24,47
"195",48389,"Reeves",12,75,4.5,14.5,12.81860591,38,3.3,19.3,68.7456710870851,71.6697936,22.05041284,28.3,7,25,32
"196",48391,"Refugio",9,49.7,5,60.7,21.06129165,55,5.3,15.4,72.4689585269026,72.2717149,19.81038417,28.4,13,20,42
"197",48393,"Roberts",4,7.4,0,100,20.69741282,69,3.3,6.7,114.347495565504,74.2331288,90.76309168,26.6,14,11,35
"198",48395,"Robertson",11,20.2,19.7,73.9,18.10246906,49,5.2,16.6,74.9303150603936,74.4839632,32.26260703,29.8,18,23,33
"199",48397,"Rockwall",7,17.1,6,16,11.69730351,75,3.5,6,166.301207872287,80.4017784,20.21905787,25.3,13,15,43
"200",48399,"Runnels",12,33.8,1.3,40.8,20.3974284,45,4.2,18.5,70.6647520905482,71.7799524,27.41564257,26.8,14,24,36
"201",48401,"Rusk",8,16.1,17,65.9,15.86391581,47,5.2,16.6,84.2503589830222,76.0593927,25.70505283,30.8,19,25,34
"202",48403,"Sabine",13,4,7.6,100,29.90699012,40,8.4,19.7,63.8060647014106,87.9821569,15.88929898,27.8,23,22,36
"203",48405,"San Augustine",17,6.9,20.8,100,24.47935261,43,7.3,24.3,66.1086240391925,79.2317302,4.50249492,32.3,26,22,31
"204",48407,"San Jacinto",11,12.5,10.7,100,20.34553142,30,5.7,18.1,75.5249598783681,82.9827916,8.144462521,28.1,19,25,55
"205",48409,"San Patricio",7,56.8,1.5,19.7,14.10860365,50,7.3,15.5,85.7369710279584,66.8760217,20.97179282,33,11,23,61
"206",48411,"San Saba",11,29.7,2.8,49.4,21.94496667,42,3.3,18.9,72.8304755469212,67.35363,30.5329736,27.4,15,31,59
"207",48413,"Schleicher",17,51.8,0.3,100,16.11146701,52,3.7,13.4,77.4068755807078,76.8602541,10.53183251,27.5,10,26,37
"208",48415,"Scurry",5,39.7,4.5,31.7,14.63738038,51,4.7,12.7,87.4600895345891,74.1178486,29.07575419,26.2,12,21,34
"209",48417,"Shackelford",10,11.7,0.2,100,18.10035842,60,3,13.1,103.311090463722,78.9180589,14.38465464,28.3,17,23,29
"210",48419,"Shelby",13,17.8,18.8,79.4,16.45840632,42,5.3,19.8,67.1424951431709,71.3820785,13.9966767,31.2,21,30,57
"211",48421,"Sherman",5,43.3,0.3,100,13.98761004,44,3.6,12.8,83.3668384154067,80.9031044,24.74861788,27.5,10,31,39
"212",48423,"Smith",8,19,17.4,31.6,15.59045695,61,4.1,16,91.2982515415153,65.9053226,16.68057055,29.6,19,23,50
"213",48425,"Somervell",6,19.1,0.6,100,18.24277457,50,5.1,12.1,106.095109384239,73.9332096,0,27.6,17,21,52
"214",48427,"Starr",16,99.2,0,23.7,11.07379376,34,11.9,30.9,47.9381704535856,74.3627451,44.95385477,29.6,13,40,38
"215",48429,"Stephens",9,23.2,2.2,39.4,18.99626268,45,5.3,18.2,70.9130838753273,78.9348408,22.78369367,27,17,27,37
"216",48431,"Sterling",6,40.8,0.3,100,15.97892888,58,3.3,11.6,94.0788917982938,85.0649351,100.0000004,27.4,12,21,37
"217",48433,"Stonewall",14,22.7,3.5,100,26.10701107,51,3.4,14.5,73.8271813497762,75.9825328,14.86655026,27,16,21,52
"218",48435,"Sutton",7,59.4,0.1,18.8,16.82074987,54,5.5,12.5,97.9575977700819,68.2136046,10.87039188,26.6,10,24,43
"219",48437,"Swisher",11,43.1,5.7,37.6,17.63691818,41,4.2,21.6,69.7085902525551,69.7156034,18.35950602,27.7,15,29,40
"220",48439,"Tarrant",5,28.2,15.6,1.3,10.49007524,63,3.9,13.1,109.842047470226,60.7101393,25.63262158,29.1,17,21,45
"221",48441,"Taylor",10,23.8,7.4,16,13.94020876,62,3.9,14.8,85.0375876340907,58.9608236,28.00027507,30.8,18,20,49
"222",48443,"Terrell",18,56.3,3.2,100,31.20665742,53,4.8,16.7,65.9396908522679,76.6763848,99.99999981,26.8,10,24,35
"223",48445,"Terry",9,53.8,4.6,24.7,14.94315955,38,5.5,22.5,69.0919841202804,69.8696282,37.17749527,29.2,11,30,28
"224",48447,"Throckmorton",10,15.8,0.1,100,26.34652823,67,4.3,13.6,64.4682827941549,73.0337079,100.0000002,26.8,16,23,56
"225",48449,"Titus",9,42.1,9.1,50.6,13.3847661,45,5.7,20.1,79.5624630458654,67.1007026,11.84102426,30.9,16,31,32
"226",48451,"Tom Green",5,38.8,4,15.6,14.60917318,59,4,15.6,83.5577329166315,63.0649242,40.58947902,27.6,14,20,41
"227",48453,"Travis",4,33.9,7.9,5.5,8.868385088,73,3.1,13.2,122.958020103049,52.3336484,26.18894895,20.3,15,18,31
"228",48455,"Trinity",11,9.3,9.5,77.2,26.14460327,48,5.3,19.5,58.6890784694653,77.7890125,3.040562687,27.4,19,25,32
"229",48457,"Tyler",16,7.3,10.8,78.1,21.09433259,38,7.4,19.9,73.3068671340485,84.286105,53.58062009,31,20,20,45
"230",48459,"Upshur",8,8.1,8.9,79.3,17.19745223,55,5.3,15.5,80.2719824309486,76.9717659,11.84758936,29.6,19,22,34
"231",48461,"Upton",7,49.7,6.7,100,13.48251748,45,3.7,13.5,95.359405355182,72.9357798,33.41282183,26.9,12,24,42
"232",48463,"Uvalde",13,70.9,0.1,31.4,16.40199889,56,4.8,20.7,66.9144353408227,72.8664193,43.4342543,30,9,28,45
"233",48465,"Val Verde",9,81.4,1.1,10.2,13.90476968,52,5,22.1,70.0076019934116,63.1509645,40.1241303,30,9,29,41
"234",48467,"Van Zandt",11,10.3,2.6,75,19.917175,57,3.9,15.9,84.9869076780133,77.1210086,9.657455162,30.2,17,26,42
"235",48469,"Victoria",6,46,5.8,26.6,14.96645469,55,4.9,13.6,88.1172396317257,65.5526364,28.07669917,34.3,13,23,45
"236",48471,"Walker",9,17.8,22.9,45.6,11.96447231,45,5.1,22.7,71.4654953965707,52.7895182,33.64850574,29.7,23,20,39
"237",48473,"Waller",8,29.4,24.9,61.6,11.39277089,49,5.3,16,93.2916631472253,68.6079739,15.02890819,33.6,19,28,53
"238",48475,"Ward",9,52.2,4.8,27.9,14.03722387,43,4.2,12.8,89.9434073823803,69.9797673,10.73516396,28.5,12,24,39
"239",48477,"Washington",8,15.5,17,53.5,20.32191998,56,4.5,14.5,86.6221809274432,77.001229,9.516921465,29.6,18,20,52
"240",48479,"Webb",16,95.5,0.3,2.6,8.774812331,45,4.5,30.5,70.9164625390658,63.003081,22.474795,31.3,8,38,41
"241",48481,"Wharton",11,40.3,13.8,49.9,15.93772629,51,4.7,17.2,78.0369963679365,67.4527063,15.58246348,31.9,15,26,39
"242",48483,"Wheeler",5,26.5,2.7,100,18.18181818,54,3.9,12.9,76.6213362615086,63.8828159,11.46669442,27.8,16,24,69
"243",48485,"Wichita",7,18.5,9.9,10.7,13.94314681,56,3.9,18.9,75.3323760452741,61.3233597,36.98982944,31.1,19,19,43
"244",48487,"Wilbarger",9,28.6,8,21.9,16.62812211,55,4.8,16.5,68.1696089196723,64.8496605,27.29621009,28,17,23,46
"245",48489,"Willacy",20,88,0.7,34.6,13.08667979,31,11.7,35.4,51.3421741701157,77.8281332,13.78729352,27.6,14,30,46
"246",48491,"Williamson",3,24.1,6,12,11.19959552,75,3.4,6.6,138.74651575302,68.9263809,33.69662526,31.1,13,13,63
"247",48493,"Wilson",7,39.2,1.3,85.9,14.53871412,58,3.7,9.4,119.653686966805,83.5099968,4.373064644,31.4,10,18,22
"248",48495,"Winkler",10,59.4,2.3,18.1,11.22540826,49,5.3,13.3,87.7861305853535,78.2091918,0.882119192,27.7,11,23,45
"249",48497,"Wise",7,18.8,1.2,72.1,14.59041536,52,4.4,12.1,102.500211166484,76.7230649,5.951672799,30.9,15,20,54
"250",48499,"Wood",12,9.6,5.5,74.2,26.85212975,50,4.8,16.6,84.0256778444125,80.4180623,7.678459758,30.1,17,23,51
"251",48501,"Yoakum",7,65,0,37.3,11.13076288,51,3.6,11.1,98.5944758847876,77.4509804,19.82933069,26.7,7,28,44
"252",48503,"Young",7,18.1,1.5,33.6,19.72365958,54,3.9,15,75.8662049159557,78.2621002,33.11051959,27.1,16,25,51
"253",48505,"Zapata",20,94.1,0,23.5,12.7089837,41,7.7,30.9,54.3491848973731,72.2907786,43.2706604,26.3,11,40,48
"254",48507,"Zavala",17,93.6,0.5,38,13.28176432,36,12.2,32,48.765943069516,69.3438914,31.70358023,27.4,14,27,37
